{
  "mse": {
    "cossim": 0.9954391717910767,
    "compression": 7.529411764705882,
    "time_ms": 9.310245513916016
  },
  "htq": {
    "k_cossim": 0.9977421760559082,
    "v_cossim": 0.9706836938858032,
    "time_ms": 14.260530471801758
  },
  "pyramid": {
    "k_cossims": [
      0.995414137840271,
      0.9831411242485046,
      0.9831411242485046,
      0.9410161375999451
    ],
    "v_cossims": [
      0.9407966732978821,
      0.9407966732978821,
      0.9407966732978821,
      0.9407966732978821
    ],
    "avg_k": 0.9756781309843063,
    "avg_v": 0.9407966732978821,
    "time_ms": 257.432222366333
  }
}